50A/30534178_out,50A/21508887_out
50A/30534178_out,50A/138805414_out
50A/30534178_out,50A/142890373_out
50A/30534178_out,50A/21508898_out
50A/21508887_out,50A/138805414_out
50A/21508887_out,50A/142890373_out
50A/21508887_out,50A/21508898_out
50A/138805414_out,50A/142890373_out
50A/138805414_out,50A/21508898_out
50A/164831265_out,50A/21715601_out
50A/164831265_out,50A/33794240_out
50A/164831265_out,50A/29019948_out
50A/164831265_out,50A/31034693_out
50A/164831265_out,50A/36641065_out
50A/21715601_out,50A/33794240_out
50A/21715601_out,50A/29019948_out
50A/21715601_out,50A/31034693_out
50A/21715601_out,50A/36641065_out
50A/33794240_out,50A/29019948_out
50A/33794240_out,50A/31034693_out
50A/33794240_out,50A/36641065_out
50A/142890373_out,50A/21508898_out
50A/29019948_out,50A/31034693_out
50A/29019948_out,50A/36641065_out
50A/31034693_out,50A/36641065_out
4A/127473352_out,4A/134841308_out
4A/84822638_out,4A/84822639_out
4A/84822638_out,4A/173077807_out
4A/84822639_out,4A/173077807_out
my_test/3_out,my_test/2_out
my_test/3_out,my_test/4_out
my_test/3_out,my_test/1_out
my_test/2_out,my_test/4_out
my_test/2_out,my_test/1_out
my_test/4_out,my_test/1_out
